snow,ghostwhite,GhostWhite,whitesmoke,WhiteSmoke,gainsboro,floralwhite,FloralWhite,oldlace,OldLace,linen,antiquewhite,AntiqueWhite,papayawhip,PapayaWhip,blanchedalmond,BlanchedAlmond,bisque,peachpuff,PeachPuff,navajowhite,NavajoWhite,moccasin,cornsilk,ivory,lemonchiffon,LemonChiffon,seashell,honeydew,mintcream,MintCream,azure,aliceblue,AliceBlue,lavender,lavenderblush,LavenderBlush,mistyrose,MistyRose,white,black,darkslategray,DarkSlateGray,darkslategrey,DarkSlateGrey,dimgray,DimGray,dimgrey,DimGrey,slategray,SlateGray,slategrey,SlateGrey,lightslategray,LightSlateGray,lightslategrey,LightSlateGrey,gray,grey,lightgrey,LightGrey,lightgray,LightGray,midnightblue,MidnightBlue,navy,cornflowerblue,CornflowerBlue,darkslateblue,DarkSlateBlue,slateblue,SlateBlue,mediumslateblue,MediumSlateBlue,mediumblue,MediumBlue,royalblue,RoyalBlue,blue,dodgerblue,DodgerBlue,deepskyblue,DeepSkyBlue,skyblue,SkyBlue,lightskyblue,LightSkyBlue,steelblue,SteelBlue,lightsteelblue,LightSteelBlue,lightblue,LightBlue,powderblue,PowderBlue,paleturquoise,PaleTurquoise,darkturquoise,DarkTurquoise,mediumturquoise,MediumTurquoise,turquoise,cyan,lightcyan,LightCyan,cadetblue,CadetBlue,mediumaquamarine,MediumAquamarine,aquamarine,darkgreen,DarkGreen,darkolivegreen,DarkOliveGreen,darkseagreen,DarkSeaGreen,seagreen,SeaGreen,mediumseagreen,MediumSeaGreen,lightseagreen,LightSeaGreen,palegreen,PaleGreen,springgreen,SpringGreen,lawngreen,LawnGreen,green,chartreuse,mediumspringgreen,MediumSpringGreen,greenyellow,GreenYellow,limegreen,LimeGreen,yellowgreen,YellowGreen,forestgreen,ForestGreen,olivedrab,OliveDrab,darkkhaki,DarkKhaki,khaki,palegoldenrod,PaleGoldenrod,lightyellow,LightYellow,yellow,gold,goldenrod,darkgoldenrod,DarkGoldenrod,rosybrown,RosyBrown,indianred,IndianRed,saddlebrown,SaddleBrown,sienna,peru,burlywood,beige,wheat,sandybrown,SandyBrown,tan,chocolate,firebrick,brown,darksalmon,DarkSalmon,salmon,lightsalmon,LightSalmon,orange,darkorange,DarkOrange,coral,lightcoral,LightCoral,tomato,orangered,OrangeRed,red,hotpink,HotPink,deeppink,DeepPink,pink,lightpink,LightPink,maroon,magenta,violet,plum,orchid,mediumorchid,MediumOrchid,darkorchid,DarkOrchid,darkviolet,DarkViolet,blueviolet,BlueViolet,purple,mediumpurple,MediumPurple,thistle,snow,snow,snow,snow,seashell,seashell,seashell,seashell,AntiqueWhite,AntiqueWhite,AntiqueWhite,AntiqueWhite,bisque,bisque,bisque,bisque,PeachPuff,PeachPuff,PeachPuff,PeachPuff,NavajoWhite,NavajoWhite,NavajoWhite,NavajoWhite,LemonChiffon,LemonChiffon,LemonChiffon,LemonChiffon,cornsilk,cornsilk,cornsilk,cornsilk,ivory,ivory,ivory,ivory,honeydew,honeydew,honeydew,honeydew,LavenderBlush,LavenderBlush,LavenderBlush,LavenderBlush,MistyRose,MistyRose,MistyRose,MistyRose,azure,azure,azure,azure,SlateBlue,SlateBlue,SlateBlue,SlateBlue,RoyalBlue,RoyalBlue,RoyalBlue,RoyalBlue,blue,blue,blue,blue,DodgerBlue,DodgerBlue,DodgerBlue,DodgerBlue,SteelBlue,SteelBlue,SteelBlue,SteelBlue,DeepSkyBlue,DeepSkyBlue,DeepSkyBlue,DeepSkyBlue,SkyBlue,SkyBlue,SkyBlue,SkyBlue,LightSkyBlue,LightSkyBlue,LightSkyBlue,LightSkyBlue,SlateGray,SlateGray,SlateGray,SlateGray,LightSteelBlue,LightSteelBlue,LightSteelBlue,LightSteelBlue,LightBlue,LightBlue,LightBlue,LightBlue,LightCyan,LightCyan,LightCyan,LightCyan,PaleTurquoise,PaleTurquoise,PaleTurquoise,PaleTurquoise,CadetBlue,CadetBlue,CadetBlue,CadetBlue,turquoise,turquoise,turquoise,turquoise,cyan,cyan,cyan,cyan,DarkSlateGray,DarkSlateGray,DarkSlateGray,DarkSlateGray,aquamarine,aquamarine,aquamarine,aquamarine,DarkSeaGreen,DarkSeaGreen,DarkSeaGreen,DarkSeaGreen,SeaGreen,SeaGreen,SeaGreen,SeaGreen,PaleGreen,PaleGreen,PaleGreen,PaleGreen,SpringGreen,SpringGreen,SpringGreen,SpringGreen,green,green,green,green,chartreuse,chartreuse,chartreuse,chartreuse,OliveDrab,OliveDrab,OliveDrab,OliveDrab,DarkOliveGreen,DarkOliveGreen,DarkOliveGreen,DarkOliveGreen,khaki,khaki,khaki,khaki,LightYellow,LightYellow,LightYellow,LightYellow,yellow,yellow,yellow,yellow,gold,gold,gold,gold,goldenrod,goldenrod,goldenrod,goldenrod,DarkGoldenrod,DarkGoldenrod,DarkGoldenrod,DarkGoldenrod,RosyBrown,RosyBrown,RosyBrown,RosyBrown,IndianRed,IndianRed,IndianRed,IndianRed,sienna,sienna,sienna,sienna,burlywood,burlywood,burlywood,burlywood,wheat,wheat,wheat,wheat,tan,tan,tan,tan,chocolate,chocolate,chocolate,chocolate,firebrick,firebrick,firebrick,firebrick,brown,brown,brown,brown,salmon,salmon,salmon,salmon,LightSalmon,LightSalmon,LightSalmon,LightSalmon,orange,orange,orange,orange,DarkOrange,DarkOrange,DarkOrange,DarkOrange,coral,coral,coral,coral,tomato,tomato,tomato,tomato,OrangeRed,OrangeRed,OrangeRed,OrangeRed,red,red,red,red,DeepPink,DeepPink,DeepPink,DeepPink,HotPink,HotPink,HotPink,HotPink,pink,pink,pink,pink,LightPink,LightPink,LightPink,LightPink,maroon,maroon,maroon,maroon,magenta,magenta,magenta,magenta,orchid,orchid,orchid,orchid,plum,plum,plum,plum,MediumOrchid,MediumOrchid,MediumOrchid,MediumOrchid,DarkOrchid,DarkOrchid,DarkOrchid,DarkOrchid,purple,purple,purple,purple,MediumPurple,MediumPurple,MediumPurple,MediumPurple,thistle,thistle,thistle,thistle,gray,grey,darkgrey,DarkGrey,darkgray,DarkGray,darkblue,DarkBlue,darkcyan,DarkCyan,darkmagenta,DarkMagenta,darkred,DarkRed,lightgreen,LightGreen
